{
    "2": {
        "1": 0.9999842224617965,
        "2": -0.3
    },
    "3": {
        "1": 0,
        "2": 0.9999945883043961,
        "3": -0.3
    },
    "4": {
        "1": -0.657,
        "2": -0.7599,
        "3": 0.9999999999402317
    },
    "5": {
        "1": -0.9999937032335106,
        "2": -0.99999535881257,
        "3": -0.9816556844362134
    },
    "6": {
        "1": 0.8999093234810719,
        "2": -0.3,
        "3": -0.335217
    },
    "7": {
        "1": -0.3714466516452527,
        "2": 0.8999485281336058,
        "3": -0.51
    },
    "8": {
        "1": -0.1377,
        "2": -0.22462110000000002,
        "3": 0.899763124684687
    },
    "9": {
        "1": -0.7582647709496891,
        "2": -0.8988940786159029,
        "3": -0.8987859630079355
    },
    "10": {
        "1": 0.807083493783523,
        "2": -0.31501509936471206,
        "3": -0.08723700000000001
    },
    "11": {
        "1": -0.1800737165895792,
        "2": 0.8095410887986247,
        "3": -0.3270145971747982
    },
    "12": {
        "1": 0.0,
        "2": -0.1047816428930761,
        "3": 0.8079284818544568
    },
    "13": {
        "1": -0.4809788352070797,
        "2": -0.8009000891438867,
        "3": -0.7528588831517217
    },
    "14": {
        "1": 0.7253155712040121,
        "2": -0.23766625423856894,
        "3": -0.4618977839646117
    },
    "15": {
        "1": 0.0,
        "2": 0.7128245445289363,
        "3": -0.3534009982745575
    },
    "16": {
        "1": 0.0,
        "2": 0.0,
        "3": 0.7155799681929008
    },
    "17": {
        "1": -0.17450024225188937,
        "2": -0.5691033888625615,
        "3": -0.6906959865230435
    },
    "18": {
        "1": 0.5675422483514815,
        "2": -0.37540138822618,
        "3": 0.0
    },
    "19": {
        "1": -0.17150296178932078,
        "2": 0.613952175481383,
        "3": 0
    },
    "21": {
        "1": -0.1596756968188014,
        "2": -0.49665289846241967,
        "3": -0.5008749297753496
    }
}