{
    "2": {
        "1": 0.9999999999999996,
        "2": -0.9176457
    },
    "3": {
        "1": -0.7599,
        "2": 0.9999999999999999,
        "3": -0.7599
    },
    "4": {
        "1": -0.53793,
        "2": -0.51,
        "3": 0.9999999999999999
    },
    "5": {
        "1": -0.9997514396761992,
        "2": -0.9998084187686195,
        "3": -0.9997419127125831
    },
    "6": {
        "1": 0.8999999999998849,
        "2": -0.959646393,
        "3": -0.882351
    },
    "7": {
        "1": -0.5499661967573932,
        "2": 0.8999999999999144,
        "3": -0.882351
    },
    "8": {
        "1": -0.4588344431646457,
        "2": -0.49360717585168323,
        "3": 0.8999999999991872
    },
    "9": {
        "1": -0.8910139900541584,
        "2": -0.8898529503495674,
        "3": -0.8893848854165792
    },
    "10": {
        "1": 0.809999999841447,
        "2": -0.5553343685931647,
        "3": -0.6066906116474515
    },
    "11": {
        "1": -0.32672463162416543,
        "2": 0.8099999950980983,
        "3": -0.753523301844708
    },
    "12": {
        "1": -0.07506893509813674,
        "2": -0.2899758826038838,
        "3": 0.8099999997737202
    },
    "13": {
        "1": -0.6872564213716529,
        "2": -0.7012065498280182,
        "3": -0.7129159749016635
    },
    "14": {
        "1": 0.728999806536589,
        "2": -0.17191840747518694,
        "3": -0.4288662950854712
    },
    "15": {
        "1": -0.1683156173816327,
        "2": 0.7289997791466762,
        "3": -0.25905871456978274
    },
    "16": {
        "1": -0.14950182480148483,
        "2": -0.19855526346198077,
        "3": 0.7289999974673002
    },
    "17": {
        "1": -0.3054505126405831,
        "2": -0.37358819239309743,
        "3": -0.3490260442728027
    },
    "18": {
        "1": 0.6560995810152054,
        "2": -0.376865858597392,
        "3": -0.19964053095653228
    },
    "19": {
        "1": 0.03820924040600934,
        "2": 0.6560809723254422,
        "3": -0.12956933345636096
    },
    "20": {
        "1": 0.025570422542244592,
        "2": 0.050508986450529675,
        "3": 0.6560999806790806
    }
}